timestamp,connected_smartphones,connected_mesh_nodes,connected_satellites
2025-02-01 00:00:00,30,5,1
2025-02-01 00:01:00,31,6,1
2025-02-01 00:02:00,32,7,1
2025-02-01 00:03:00,33,5,1
2025-02-01 00:04:00,34,6,1
2025-02-01 00:05:00,35,7,1
2025-02-01 00:06:00,36,5,1
2025-02-01 00:07:00,37,6,1
2025-02-01 00:08:00,38,7,1
2025-02-01 00:09:00,39,5,1
2025-02-01 00:10:00,30,6,1
2025-02-01 00:11:00,31,7,1
2025-02-01 00:12:00,32,5,1
2025-02-01 00:13:00,33,6,1
2025-02-01 00:14:00,34,7,1
2025-02-01 00:15:00,35,5,1
2025-02-01 00:16:00,36,6,1
2025-02-01 00:17:00,37,7,1
2025-02-01 00:18:00,38,5,1
2025-02-01 00:19:00,39,6,1
2025-02-01 00:20:00,30,7,1
2025-02-01 00:21:00,31,5,1
2025-02-01 00:22:00,32,6,1
2025-02-01 00:23:00,33,7,1
2025-02-01 00:24:00,34,5,1
2025-02-01 00:25:00,35,6,1
2025-02-01 00:26:00,36,7,1
2025-02-01 00:27:00,37,5,1
2025-02-01 00:28:00,38,6,1
2025-02-01 00:29:00,39,7,1
2025-02-01 00:30:00,30,5,1
2025-02-01 00:31:00,31,6,1
2025-02-01 00:32:00,32,7,1
2025-02-01 00:33:00,33,5,1
2025-02-01 00:34:00,34,6,1
2025-02-01 00:35:00,35,7,1
2025-02-01 00:36:00,36,5,1
2025-02-01 00:37:00,37,6,1
2025-02-01 00:38:00,38,7,1
2025-02-01 00:39:00,39,5,1
2025-02-01 00:40:00,30,6,1
2025-02-01 00:41:00,31,7,1
2025-02-01 00:42:00,32,5,1
2025-02-01 00:43:00,33,6,1
2025-02-01 00:44:00,34,7,1
2025-02-01 00:45:00,35,5,1
2025-02-01 00:46:00,36,6,1
2025-02-01 00:47:00,37,7,1
2025-02-01 00:48:00,38,5,1
2025-02-01 00:49:00,39,6,1
